lat,long,tp_num,tp_name,type,height_m,height_ft,nat_park (eng only)
54.4733269818398,-0.86538060661577,TP0004,Danby Beacon,Pillar,299.3,981.8,north yorks moors
54.4234272905001,-3.34680038330352,TP0101,Old Strands,Surface Block,0.0,0.0,lake district
54.5837970520703,-3.32544034017073,TP0102,Loweswater,Surface Block,0.0,0.0,lake district
54.737753245196,-3.10080328978691,TP0104,Greenrigg Farm,Surface Block,0.0,0.0,lake district
54.5721186628276,-3.06773176306396,TP0105,Legburthwaite,Rivet,0.0,0.0,lake district
54.4027401204154,-3.03906318853023,TP0106,Coniston,Bolt,0.0,0.0,lake district
54.5098218547937,-0.721791110130876,TP0129,Potato Hill,Pillar,196.8,645.7,north yorks moors
54.3965740968965,-0.507633190170807,TP0130,Ravenscar,Pillar,265.8,872.0,north yorks moors
54.2741501261757,-3.39861168204523,TP0131,High Hyton,Rivet,0.0,0.0,lake district
54.2803448082732,-2.45957218705094,TP0143,Dent,Surface Block,0.0,0.0,yorkshire dales
54.1775777434018,-2.02219507862357,TP0149,Hem Gill Shaw,Rivet,0.0,0.0,yorkshire dales
53.5276630469957,-1.85749938686672,TP0151,Upper Heyden,Surface Block,0.0,0.0,peak district
54.3237860142005,-1.06732105336519,TP0159,Pockley Moor,Surface Block,0.0,0.0,north yorks moors
53.0949255583517,-1.95719075980552,TP0190,Moor Top,Pillar,400.5,1314.0,peak district
53.4091448269708,-1.9529516603897,TP0192,Hollingworth Head,Surface Block,0.0,0.0,peak district
53.2992293625723,-1.58475962842147,TP0195,Barbrook,Surface Block,0.0,0.0,peak district
51.2208176777457,-3.54948979516858,TP0272,Selworthy Beacon,Pillar,308.9,1013.3,exmoor
50.8901534858337,-1.71836198903242,TP0300,Summerhill,Surface Block,0.0,0.0,new forest
50.8394702573645,-1.42769832394354,TP0306,Hill Top,Pillar,40.4,132.4,new forest
50.9721569111613,-1.19343354495332,TP0309,Lane End Down,Pillar,0.0,0.0,south downs
51.1064560802672,-1.02657777985808,TP0313,Four Marks,Pillar,215.0,705.3,south downs
51.0782578246007,-1.00859739519634,TP0314,East Tisted,Surface Block,0.0,0.0,south downs
50.9778472282863,-0.980310570551252,TP0316,Butser,Pillar,271.0,889.1,south downs
51.0360433201633,-0.806145540389249,TP0319,Milland,Rivet,0.0,0.0,south downs
50.9495544321649,-0.794126275445803,TP0320,Linch Ball,Pillar,248.3,814.6,south downs
50.5710707571769,-3.77780438510079,TP0340,Hemsworthy Gate,Surface Block,0.0,0.0,dartmoor
50.88716059867,-0.545346206739477,TP0414,Amberley,Surface Block,0.0,0.0,south downs
50.9031715717594,-0.502934663369514,TP0415,Rackham Hill,Pillar,193.5,634.8,south downs
50.863803911356,-0.184461456163126,TP0423,Devil`s Dyke,Surface Block,137.4,450.7,south downs
50.8120006796356,-0.089220803966728,TP0424,Roedean Road,Surface Block,107.7,353.2,south downs
50.7895887229083,0.139207684943322,TP0430,Frog Firle,Pillar,97.3,319.3,south downs
50.7399474892044,0.25258827174686,TP0453,Beachy Head,Pillar,163.0,534.6,south downs
50.71785465572,-1.57284291886068,TP0467,Keyhaven Two,Surface Block,0.0,0.0,new forest
54.1597164643751,-2.33396094188708,TP0516,Ribblesdale,FBM,348.7,1144.0,yorkshire dales
53.2666476242087,-2.08036724847301,TP0525,Macclesfield,FBM,0.0,0.0,peak district
53.4480569104298,-1.63209463762235,TP0526,Broomhead Moor,FBM,0.0,0.0,peak district
51.231939831238,-3.78793605174352,TP0535,Countisbury,FBM,0.0,0.0,exmoor
50.6660833530152,-3.68249203123941,TP0545,Bridford,FBM,0.0,0.0,dartmoor
50.7883860427631,0.137109662858533,TP0552,Alfriston,FBM,0.0,0.0,south downs
54.4324863484696,-3.35969311759307,TP0591,Wasdale FBM Aux 1,Berntsen,0.0,0.0,lake district
54.5072724810498,-0.767988716544225,TP0596,Mickleby FBM Aux 1,Berntsen,0.0,0.0,north yorks moors
51.0619772167925,-1.29272067063497,TP0631,Winchester FBM Aux 1,Berntsen,0.0,0.0,south downs
50.4754335116672,-4.09583812193083,TP0641,Yelverton FBM Aux 1,Berntsen,0.0,0.0,dartmoor
50.8886773165228,-0.57646413852446,TP0655,Arundel FBM Aux 1,Berntsen,0.0,0.0,south downs
54.7087752601068,-3.20417986947145,TP0690,Binsey,Pillar,447.5,1468.0,lake district
54.4916679422972,-2.86487280128278,TP0693,High Street,Pillar,829.1,2720.0,lake district
54.4063433111676,-1.08590860236457,TP0697,Botton Head,Pillar,454.7,1491.6,north yorks moors
54.2577303061938,-3.32857471657239,TP0698,Black Combe,Pillar,600.8,1971.0,lake district
54.2277658331203,-2.40263150854041,TP0702,Little Whernside,Pillar,736.4,2416.0,yorkshire dales
54.1609441593968,-1.99840293821715,TP0703,Great Whernside,Pillar,704.1,2310.0,yorkshire dales
53.1461192392169,-1.93964761733321,TP0713,Blake Mere,Pillar,488.9,1604.1,peak district
53.2096318738157,-1.55094803967249,TP0714,Harland South,Pillar,367.1,1204.5,peak district
50.9211601810357,-1.73807818283352,TP0741,Blissford,Pillar,100.1,328.3,new forest
50.8704920786776,-1.56229817151995,TP0744,Lyndhurst,Pillar,49.4,162.1,new forest
50.9016955740768,-0.107624273786693,TP0760,Ditchling,Pillar,248.2,814.2,south downs
50.8337721660599,0.108250208138064,TP0761,Firle Beacon,Pillar,217.7,714.4,south downs
53.3114229352508,-1.73066082823476,TP0775,Abney Moor,Pillar,416.7,1367.0,peak district
54.2887319846639,-2.08443960042933,TP0788,Addlebrough,Pillar,476.7,1564.0,yorkshire dales
53.1321516782753,-1.73986790956554,TP0811,Aleck Low,Pillar,393.6,1291.2,peak district
50.9673106182426,-0.697394333113955,TP0833,Ambersham,Pillar,55.8,183.1,south downs
54.2560763393743,-3.39462258036909,TP0853,Annaside Banks,Pillar,35.4,116.0,lake district
51.0494963212948,-3.63212024445525,TP0857,Anstey Common,Pillar,356.3,1168.9,exmoor
54.3909564209424,-1.29350828132787,TP0886,Arncliffe Wood,Pillar,299.6,983.1,north yorks moors
53.2325426565081,-1.94899467294798,TP0942,Axe Edge,Pillar,552.1,1811.4,peak district
54.2923688178829,-2.430638985773,TP0944,Aye Gill Pike,Pillar,556.6,1826.0,yorkshire dales
53.4153587832111,-1.70412745347624,TP0949,Back Tor,Pillar,538.3,1766.0,peak district
50.8798229872167,-0.065891878931551,TP0998,Balmer Down,Pillar,169.9,557.4,south downs
50.7607984070826,0.116596104399518,TP10051,Seaforth Head,Pillar,87.0,285.4,south downs
54.2577392910381,-3.32857500550209,TP10059,Black Combe,Pillar,600.8,1971.0,lake district
51.1627647886838,-3.58677369335431,TP10060,Dunkery,Pillar,519.9,1705.8,exmoor
50.8881183597281,-1.75717144966572,TP10093,Ibsley Common,Pillar,76.3,250.3,new forest
53.1376015916836,-1.8250385280006,TP1010,Bank Top,Pillar,266.5,874.2,peak district
50.9017045615577,-0.107623909400724,TP10124,Ditchling,Pillar,248.2,814.2,south downs
53.2320239504912,-1.60446550400233,TP10300,Hunting Tower Flagstaff,Intersected Station,0.0,0.0,peak district
53.3478719821647,-1.74285411996686,TP10308,Hope Church Spire,Intersected Station,0.0,0.0,peak district
53.1052176796003,-1.76439213702337,TP10352,Alsop Moor Works Chimney,Intersected Station,0.0,0.0,peak district
50.8743746496072,-0.486104873183604,TP1046,Barpham Hill,Pillar,141.8,465.2,south downs
54.6655466126384,-3.03498657598911,TP10512,Bowscale Fell,Buried Block,702.9,2306.0,lake district
54.0185096317364,-2.25027579412058,TP10598,Long Preston Church Tower Flagstaff,Intersected Station,0.0,0.0,yorkshire dales
54.3148285780216,-2.78941820028118,TP1062,Barrowfield,Pillar,229.5,752.8,lake district
54.4621881157576,-0.757201510810768,TP1072,Barton Rigg,Pillar,215.4,706.7,north yorks moors
54.5066373106686,-0.688777303527623,TP10739,Lythe Church Spire,Intersected Station,0.0,0.0,north yorks moors
51.0457694541723,-1.31169741632298,TP10773,St Catherines Hill Winchester,Surface Block,0.0,0.0,south downs
54.347260248344,-3.3559697409992,TP10926,Stainton Tower Centre,Intersected Station,170.1,558.0,lake district
50.9590945750462,-0.852030930346376,TP1105,Beacon Hill,Pillar,242.0,793.9,south downs
54.3984199178008,-1.76532235778478,TP11125,Calf Hall Wood,Surface Block,0.0,0.0,yorkshire dales
53.9678890431045,-1.85076095525631,TP1115,Beamsley Beacon,Pillar,393.2,1290.0,yorkshire dales
51.2296991518634,-3.83392671111859,TP11196,Lynton Church Tower Centre,Intersected Station,0.0,0.0,exmoor
54.6198466496791,-2.93563899983599,TP11538,Great Mell Fell,Buried Block,536.1,1759.0,lake district
50.8176873306429,-1.32920722325271,TP12410,Fawley Power Station Chimney,Intersected Station,0.0,0.0,new forest
50.8198812468427,-1.30759776450709,TP12411,Calshot Castle,Rivet,0.0,0.0,new forest
50.8059522022759,-1.32457837083116,TP12412,Eaglehurst Tower,Bolt,0.0,0.0,new forest
50.5420896805064,-3.84107242876509,TP1244,Bel Tor,Pillar,354.4,1162.6,dartmoor
50.5719292647019,-3.91533476121278,TP1247,Bellever Tor,Pillar,443.8,1456.0,dartmoor
50.8154353928781,-1.52218766710136,TP12494,Beaulieu RAF Water Tower,Bolt,0.0,0.0,new forest
50.7993569897094,-1.39611922881407,TP12495,Exbury Water Tower Vane,Intersected Station,0.0,0.0,new forest
50.826536909886,-1.40924275732337,TP12496,Beaulieu Road,Buried Block,0.0,0.0,new forest
50.8725966959718,-1.40921522670805,TP12502,Westcliff Hall Hotel,Rivet,0.0,0.0,new forest
50.9161138311394,-1.52841288310193,TP12506,Netley Marsh Church Spire,Intersected Station,0.0,0.0,new forest
50.8723123911915,-1.57799947064413,TP12507,Lyndhurst Church Spire,Intersected Station,0.0,0.0,new forest
50.7695482294124,-1.60449193995689,TP12535,Sway Tower,Bolt,0.0,0.0,new forest
50.7695481813608,-1.60447775965591,TP12536,Sway Tower (1989),Disc,0.0,0.0,new forest
50.7695662622226,-1.60450596871841,TP12537,Sway Tower Lightning Conductor,Intersected Station,0.0,0.0,new forest
50.8115491773284,-1.72171573891299,TP12552,Dur Hill Down N Radar Mast,Intersected Station,75.9,249.1,new forest
50.8113783551042,-1.72173094624546,TP12553,Dur Hill Down S Radar Mast,Intersected Station,75.9,249.1,new forest
50.8539083748319,-1.73129470501838,TP12569,Picket Post School,Bolt,0.0,0.0,new forest
50.9017490817008,-1.64120114062087,TP12570,Stoney Cross Plain,Surface Block,0.0,0.0,new forest
50.9148733463491,-1.64556690094595,TP12571,Danes Hole Water Tank,Other,0.0,0.0,new forest
50.9011951704758,-1.67957267753801,TP12572,Ocknell Plain,Surface Block,0.0,0.0,new forest
51.0598943763833,-1.27274672257624,TP12618,Cemetery Tank,Bolt,0.0,0.0,south downs
54.3970293072357,-0.505922250189138,TP12679,Ravenscar Mast,Intersected Station,0.0,0.0,north yorks moors
54.2987319839461,-0.471219377108472,TP12680,Scalby Reservoir,Surface Block,0.0,0.0,north yorks moors
54.3250813731137,-2.78695458990801,TP12726,Bradleyfield Radio Mast,Intersected Station,0.0,0.0,lake district
54.5634289552405,-3.32646519099502,TP12818,Mellbreak,Buried Block,508.4,1668.0,lake district
54.3808716993368,-2.91016305878372,TP12983,Windermere Church Tower Vane,Intersected Station,0.0,0.0,lake district
54.3176239631642,-3.06524958467384,TP13003,Top o' Selside,Buried Block,332.2,1090.0,lake district
50.9768248553393,-1.20404992040267,TP1336,Berry Hill,Pillar,118.4,388.4,south downs
54.2348859457042,-2.98678827903581,TP1356,Bigland Tarn,Pillar,205.2,673.4,lake district
50.9094408500228,-0.627435460030179,TP1358,Bignor Beacon,Pillar,245.1,804.2,south downs
53.2541222642218,-1.58440187987031,TP1376,Birchen Edge,Pillar,310.3,1018.0,peak district
55.0863731625339,-2.33243242605366,TP1384,Birk Hill,Pillar,230.1,754.9,northumberland
53.1455251558551,-1.67001199781542,TP13870,Elton Church Tower Flagstaff,Intersected Station,330.3,1083.6,peak district
54.2867983496789,-0.743944648076094,TP13999,Lydd,Surface Block,0.0,0.0,north yorks moors
54.283172486621,-0.872746629144459,TP14000,Appleton Le Moors Church Spire,Intersected Station,0.0,0.0,north yorks moors
51.2128767138092,-3.82336437093877,TP14053,Longstone Reservoir,Bolt,0.0,0.0,exmoor
53.289983092661,-1.90764363956692,TP1406,Black Edge,Pillar,507.2,1664.0,peak district
54.3066147648727,-1.24959978222333,TP1408,Black Hambleton,Pillar,374.9,1230.0,north yorks moors
53.3273877877611,-1.56612393271885,TP1435,Blacka Plantation,Pillar,295.1,968.1,peak district
50.8956397190712,-0.047361426920039,TP1440,Blackcap,Pillar,206.7,678.2,south downs
51.0584451413858,-0.689573515785921,TP1443,Blackdown,Pillar,280.5,920.1,south downs
55.203789824533,-2.27615603453,TP1452,Blackmoor Skirt,Pillar,363.7,1193.1,northumberland
50.8759883986411,-0.44400772759292,TP1456,Blackpatch Hill,Pillar,169.6,556.3,south downs
53.0955762903355,-1.68785117940551,TP1460,Blackstones Low,Pillar,295.6,969.9,peak district
55.2779203594394,-2.30371426900025,TP1464,Blackwool Law,Pillar,265.8,872.0,northumberland
51.0937916754924,-3.47046578558542,TP1473,Blagdon Hill,Pillar,361.2,1185.0,exmoor
53.1311139007587,-1.62102543255548,TP1483,Blakelow Hill,Pillar,366.9,1203.8,peak district
55.2542493274122,-2.20058395757757,TP1484,Blakemans Law,Pillar,274.3,900.0,northumberland
54.2384444963338,-2.35033882785539,TP1493,Blea Moor,Pillar,535.5,1757.0,yorkshire dales
55.4228945506661,-2.15601720979918,TP1502,Bloodybush Edge,Pillar,610.2,2002.0,northumberland
53.2050566965756,-1.72593781121623,TP1521,Bole Hill,Pillar,355.8,1167.2,peak district
54.4400299553681,-1.97423349290352,TP1530,Booze Moor,Pillar,522.1,1713.0,yorkshire dales
50.8944789205294,-0.829091960941899,TP1544,Bow Hill,Pillar,206.6,677.6,south downs
50.6148259043617,-3.66833618617164,TP1546,Bowden,Pillar,260.0,853.1,dartmoor
53.0855895442997,-1.94409148908525,TP1562,Bradnop,Pillar,405.5,1330.2,peak district
53.3179651555883,-1.80363285757018,TP1566,Bradwell Moor,Pillar,471.0,1545.4,peak district
50.9350398233327,-1.65341155079344,TP1583,Bramshaw,Pillar,125.1,410.4,new forest
55.286273201487,-2.18440276683891,TP1588,Branshaw,Pillar,325.5,1068.0,northumberland
50.8791405557696,-1.69100967883901,TP1597,Bratley Plain,Pillar,104.8,343.9,new forest
50.4407488076848,-3.8277990409142,TP1615,Brent Hill,Pillar,310.9,1019.9,dartmoor
50.9389317311274,-1.04685913117921,TP1654,Broadhalfpenny Down,Pillar,152.6,500.5,south downs
50.9027790026316,-0.906989031375488,TP1656,Broadreed Farm,Pillar,109.0,357.7,south downs
54.431412880076,-0.569405916817497,TP1697,Brow Top,Pillar,220.5,723.6,north yorks moors
53.3629691583688,-1.87570483961172,TP1707,Brown Knoll,Pillar,569.0,1866.8,peak district
54.3984691701822,-2.79566021226215,TP1721,Brunt Knott,Pillar,427.0,1401.0,lake district
54.2048495860925,-2.06160937932808,TP1744,Buckden Pike,Pillar,702.0,2303.0,yorkshire dales
50.8396517965547,-0.05955673082106,TP1764,Bullocks Hill,Pillar,195.8,642.5,south downs
53.2562223102364,-1.95709084176527,TP1769,Burbage Edge,Pillar,500.1,1640.7,peak district
55.0311625966534,-2.48033155922431,TP1775,Burn Divot,Pillar,258.5,848.0,northumberland
54.263156022358,-3.13637235310792,TP1780,Burney,Pillar,298.7,980.0,lake district
50.7576382234256,-1.72920886166362,TP1802,Burton Common,Pillar,24.2,79.4,new forest
50.9042788624278,-0.582274723240759,TP1812,Bury Hill,Pillar,178.3,585.1,south downs
51.2360355107534,-3.79414004683372,TP1821,Butter Hill,Pillar,302.3,991.8,exmoor
50.4122071724956,-3.8937961423327,TP1822,Butterdon,Pillar,364.9,1197.0,dartmoor
55.1162350028247,-2.38962189076495,TP1859,Cairnglastenhope,Pillar,312.4,1025.0,northumberland
54.034448602621,-2.12795424153076,TP1880,Calton,Pillar,274.9,902.0,yorkshire dales
53.210102973615,-1.64540952251495,TP1882,Calton Pastures,Pillar,289.8,950.6,peak district
51.1150196112905,-0.924248703326363,TP1899,Candover,Pillar,174.2,571.5,south downs
54.3400856453193,-3.03931243861327,TP2007,Carron Crag,Pillar,314.4,1031.6,lake district
51.2229435038756,-3.8523184998902,TP2025,Castle Field,Pillar,316.2,1037.4,exmoor
54.1960285939067,-2.30225032788936,TP2060,Cave Hill,Pillar,384.7,1262.0,yorkshire dales
54.3397923692511,-3.18518450915225,TP2061,Caw,Pillar,529.1,1736.0,lake district
50.7070139543948,-3.93287465483668,TP2063,Cawsand Hill,Pillar,550.8,1807.0,dartmoor
51.1623472281665,-3.81110165971923,TP2100,Chains Barrow,Pillar,487.6,1599.7,exmoor
50.8967999243286,-0.38843791801551,TP2110,Chanctonbury Ring,Pillar,238.6,782.9,south downs
51.0461220069488,-1.24359035637036,TP2134,Cheesefoot Head,Pillar,176.4,578.7,south downs
55.4784559341669,-2.14544702221098,TP2152,Cheviot,Pillar,817.5,2682.0,northumberland
51.120986648759,-3.64132639906222,TP2154,Chibbet Cross,Pillar,392.0,1286.0,exmoor
53.3495754686977,-1.94814977686909,TP2162,Chinley Churn,Pillar,451.5,1481.2,peak district
50.8651284557472,-0.769831574069537,TP2173,Church Farm,Pillar,35.6,116.7,south downs
50.7720254510997,0.131257844787002,TP2178,Chyngton,Pillar,38.8,127.3,south downs
50.861836058007,-0.380748253952349,TP2184,Cissbury Ring,Pillar,183.8,603.1,south downs
50.759287284066,0.161703814150001,TP2222,Cliff End,Pillar,97.0,318.2,south downs
50.878198791925,0.036974001774956,TP2227,Cliffe Hill,Pillar,164.3,539.1,south downs
54.5936354789603,-3.03237245595772,TP2241,Clough Head,Pillar,726.3,2383.0,lake district
54.3559687219334,-0.477620387155361,TP2243,Cloughton,Pillar,194.8,639.2,north yorks moors
53.4624147130207,-1.91213587799921,TP2310,Cock Hill,Pillar,426.6,1399.6,peak district
55.5086567692069,-2.07475265090111,TP2340,Cold Law,Pillar,452.9,1486.0,northumberland
55.1861759932688,-2.21439166582969,TP2344,Coldtown Beacon,Pillar,365.7,1199.9,northumberland
54.370734127693,-3.12154705217362,TP2382,Coniston Old Man,Pillar,802.2,2632.0,lake district
54.1257134192838,-1.9989855209604,TP2383,Conistone Moor,Pillar,512.7,1682.0,yorkshire dales
54.2876308500754,-0.552009304489416,TP2392,Coomb Hill,Pillar,208.1,682.6,north yorks moors
55.3067292401708,-2.24780772427804,TP2409,Corby Pike,Pillar,368.5,1209.0,northumberland
54.3030193785078,-3.36888432664057,TP2418,Corney Hill,Pillar,92.0,301.9,lake district
54.1975375206305,-2.25190919956102,TP2441,Cosh Outside,Pillar,599.5,1967.0,yorkshire dales
51.0565019319484,-3.54819228458092,TP2458,Court Down,Pillar,316.2,1037.4,exmoor
50.8615661351042,-0.18282896664233,TP2459,Court Farm W Blatchington,Pillar,137.4,450.7,south downs
50.9157300401657,-0.725294627419426,TP2461,Court Hill,Pillar,178.4,585.2,south downs
54.1508447509496,-2.17828746070512,TP2465,Cow Close Fell,Pillar,624.2,2048.0,yorkshire dales
53.4251316496282,-1.96902108605201,TP2474,Cown Edge Rocks,Pillar,411.2,1349.0,peak district
50.5668170971696,-4.07608256635865,TP2477,Cox Tor,Pillar,442.0,1450.0,dartmoor
54.572022900499,-3.2503414589225,TP2487,Crag Hill,Pillar,839.4,2754.0,lake district
50.5237414345382,-3.98712725677306,TP2536,Cramber Tor,Pillar,445.6,1462.0,dartmoor
50.6852951351084,-3.78218984103662,TP2539,Cranbrook Castle,Pillar,0.0,0.0,dartmoor
53.9989780779805,-2.02057336384116,TP2610,Crook Rise Crag Top,Pillar,415.1,1362.0,yorkshire dales
51.1452792676365,-3.44994228392266,TP2641,Croydon Hill,Pillar,382.0,1253.3,exmoor
51.2070707360575,-3.6651292982402,TP2673,Culbone Hill,Pillar,434.0,1423.9,exmoor
54.3659275731737,-3.41090286182718,TP2685,Cumblands,Pillar,26.3,86.4,lake district
54.4433056383008,-0.909973639601798,TP2728,Danby Moor,Pillar,312.0,1023.6,north yorks moors
55.254160870615,-2.05169741152448,TP2730,Darden Pike,Pillar,374.9,1230.0,northumberland
51.0449986415241,-1.27928495511781,TP2742,Deacon Hill,Pillar,143.1,469.4,south downs
53.5120891317687,-1.81380612662401,TP2744,Dead Edge End,Pillar,499.6,1639.1,peak district
50.8104547364192,0.108066028019216,TP2763,Denton Hill,Pillar,140.9,462.1,south downs
50.8833875629224,-0.213939025239629,TP2770,Devils Dyke,Pillar,217.1,712.2,south downs
50.8758310251382,-1.43775672281763,TP2775,Dibden,Pillar,31.1,101.9,new forest
54.3444762443761,-1.26232438937414,TP2794,Dodd End,Pillar,399.6,1311.0,north yorks moors
54.2567051218142,-2.24563893268321,TP2795,Dodd Fell,Pillar,668.4,2193.0,yorkshire dales
55.3143335775549,-2.32356134663147,TP2818,Dour Hill,Pillar,415.1,1362.0,northumberland
50.7114433118125,-3.84947143618047,TP2829,Drascombe,Pillar,274.9,901.9,dartmoor
50.9617948237586,-1.15612062619228,TP2838,Droxford,Pillar,139.2,456.7,south downs
50.8734735804968,-0.55333365575925,TP2867,Drylodge Plantation,Pillar,106.2,348.3,south downs
50.8087097768089,-1.72647289533566,TP2937,Dur Hill Down,Pillar,75.9,249.1,new forest
55.1275234438719,-2.26932478801058,TP2952,Ealingham Rigg,Pillar,240.8,790.0,northumberland
50.6265899093603,-3.79765654417349,TP2960,Easdon Tor,Pillar,439.2,1440.9,dartmoor
54.5649450223987,-0.841665001058131,TP2961,Easington,Pillar,213.6,700.9,north yorks moors
54.3223078301992,-2.41456278822598,TP2965,East Baugh Fell,Pillar,676.1,2218.0,yorkshire dales
50.819466937461,-0.092067870008348,TP2968,East Brighton Golf Course,Pillar,107.7,353.2,south downs
50.7614836675396,0.250956543653331,TP2972,East Dean Hill,Pillar,168.3,552.0,south downs
50.7276480615498,-3.99095510508871,TP2982,East Hill,Pillar,349.4,1146.2,dartmoor
50.9424957466207,-1.10169936376293,TP3011,Easthoe Farm,Pillar,128.2,420.5,south downs
53.1190673005044,-1.85235210048203,TP3018,Ecton Hill,Pillar,369.7,1212.8,peak district
53.3869676388698,-1.80710477285998,TP3019,Edale Moor,Pillar,590.0,1935.7,peak district
51.160507743026,-3.70002064387882,TP3055,Elsworthy,Pillar,444.3,1457.8,exmoor
53.1386798195486,-1.67155925392515,TP3057,Elton Common,Pillar,330.3,1083.6,peak district
53.4365139166393,-1.64039800794441,TP3060,Emlin Ridge,Pillar,389.0,1276.2,peak district
50.857626454497,-0.280112788266579,TP3066,Erringham Hill,Pillar,104.5,343.0,south downs
50.99840473479,-1.14274537105357,TP3089,Exton,Pillar,201.0,659.3,south downs
53.5071897016842,-1.93146362809446,TP3130,Featherbed Moss,Pillar,541.0,1775.0,peak district
54.6059065010753,-3.34498514887195,TP3136,Fellbarrow,Pillar,416.1,1365.3,lake district
54.1692563467472,-2.11493736910032,TP3179,Firth Fell,Pillar,607.2,1992.0,yorkshire dales
53.3057618534381,-1.57389144734459,TP3195,Flask Edge,Pillar,395.4,1297.3,peak district
50.9908971038434,-0.560116521599468,TP3201,Flexham Park,Pillar,150.9,494.9,south downs
55.5471610583358,-2.07148189345816,TP3287,Gains Law,Pillar,319.1,1047.0,northumberland
55.2864214678812,-1.90561410386531,TP3312,Garleigh Moor,Pillar,268.2,880.0,northumberland
50.6107993583948,-4.11695979001662,TP3349,Gibbet Hill,Pillar,353.3,1159.1,dartmoor
54.4273765759375,-0.859960356747687,TP3365,Glaisdale Rigg,Pillar,325.9,1069.0,north yorks moors
54.5880938824587,-2.91819817385079,TP3422,Gowbarrow Fell,Pillar,481.3,1579.0,lake district
54.5351015912146,-3.35549879007954,TP3448,Great Borne,Pillar,616.0,2021.0,lake district
54.2796113096609,-2.32617627200046,TP3461,Great Knoutberry Hill,Pillar,672.4,2206.0,yorkshire dales
50.6624558696651,-4.05189947083231,TP3462,Great Links,Pillar,586.7,1925.0,dartmoor
51.1091478035683,-3.55886532713771,TP3465,Great Nurcott,Pillar,331.6,1088.0,exmoor
54.3708738236834,-2.23448382250599,TP3468,Great Shunner Fell,Pillar,716.3,2350.0,yorkshire dales
54.3138724607495,-3.21312366507635,TP3469,Great Stickle,Pillar,305.4,1002.0,lake district
50.930310163106,-0.523950063791825,TP3473,Greatham,Pillar,27.1,88.8,south downs
51.0006185193245,-1.24326141366557,TP3483,Green Hill,Pillar,128.8,422.4,south downs
53.0929631155368,-1.89464052490858,TP3520,Grindon Moor,Pillar,374.4,1228.4,peak district
54.5157009402182,-1.03949020394073,TP3534,Guisborough Moor,Pillar,323.9,1062.6,north yorks moors
54.2883483429363,-2.93790852685084,TP3536,Gummers How,Pillar,321.6,1055.0,lake district
53.1507636182803,-2.04622272435977,TP3538,Gun,Pillar,385.7,1265.3,peak district
51.0473761262636,-3.4828761992438,TP3555,Haddon Beacon,Pillar,355.0,1164.8,exmoor
50.8787260443091,-0.693710585888079,TP3576,Halnaker Hill,Pillar,127.1,417.0,south downs
53.9933899773963,-1.95434305485122,TP3579,Halton Height,Pillar,357.1,1171.6,yorkshire dales
54.2462848063118,-1.2175466852582,TP3584,Hambleton Down,Pillar,324.6,1064.9,north yorks moors
50.6103971762386,-3.8342542537345,TP3588,Hameldown Tor,Pillar,529.7,1738.0,dartmoor
55.3218357978063,-2.12238448365049,TP3603,Harbottle,Pillar,361.2,1185.0,northumberland
53.1724966580368,-1.89369827926086,TP3614,Hardings Booth,Pillar,361.2,1185.1,peak district
53.413729104467,-1.93411079508895,TP3646,Harry Hut,Pillar,440.7,1446.0,peak district
50.8911206788835,-1.62988024283182,TP3650,Hart Hill,Pillar,104.4,342.6,new forest
55.4092897396605,-2.01996652628363,TP3651,Hart Law,Pillar,341.1,1119.0,northumberland
54.3868452098546,-3.20494259324703,TP3653,Harter Fell,Pillar,649.2,2130.0,lake district
50.797706512223,-1.49756554046651,TP3664,Hatchet Moor,Pillar,39.7,130.1,new forest
53.1101728801979,-1.74791782125534,TP3679,Hawks Low,Pillar,382.1,1253.7,peak district
55.4765208127391,-1.99498910204671,TP3710,Heddon Hill,Pillar,277.6,910.7,northumberland
55.4719047881848,-2.09035890638566,TP3711,Hedgehope Hill,Pillar,716.0,2349.0,northumberland
54.5274164540692,-3.01867889332321,TP3724,Helvellyn,Pillar,949.2,3114.0,lake district
50.3989338638764,-3.9286983294004,TP3732,Henlake Down,Pillar,212.6,697.5,dartmoor
50.9637900343376,-0.570154040794904,TP3749,Hesworth,Pillar,70.3,230.8,south downs
50.9420802050665,-0.720474956496182,TP3759,Heyshott Down,Pillar,233.9,767.3,south downs
54.4054815529403,-3.01793374455848,TP3765,High Arnside,Pillar,322.3,1057.5,lake district
54.3678445344321,-2.95264881172429,TP3773,High Blind How,Pillar,269.4,884.0,lake district
50.8159978285004,-0.017777826896777,TP3782,High Dole,Pillar,125.8,412.8,south downs
53.2061443220125,-1.76833111351901,TP3791,High Low,Pillar,312.4,1024.9,peak district
53.3644786982511,-1.65860137194102,TP3795,High Neb,Pillar,458.1,1503.1,peak district
54.7054687199524,-3.05875487532969,TP3801,High Pike,Pillar,658.4,2160.0,lake district
54.4760898462169,-3.11144936094515,TP3803,High Raise,Pillar,762.3,2501.0,lake district
53.2572168848353,-1.68846042659405,TP3804,High Rake,Pillar,391.8,1285.4,peak district
54.5526164800481,-3.10374242164538,TP3807,High Seat,Pillar,608.7,1997.0,lake district
54.5185639443768,-0.877258651689725,TP3812,High Waupley Farm,Pillar,200.0,656.0,north yorks moors
53.1919931514221,-1.85123406361205,TP3813,High Wheeldon,Pillar,421.9,1384.1,peak district
50.8286187211277,-0.450552910778645,TP3819,Highdown Hill,Pillar,81.5,267.2,south downs
53.4497718586042,-1.86754700850512,TP3826,Higher Shelfstones,Pillar,621.5,2039.0,peak district
55.1872170214998,-2.39747644838577,TP3835,Highfield,Pillar,308.8,1013.0,northumberland
53.1242852538293,-1.92421172029111,TP3858,Hill House,Pillar,425.3,1395.3,peak district
54.5493434378372,-0.775101078753005,TP3944,Hinderwell Beacon,Pillar,115.8,379.8,north yorks moors
50.8081041859875,0.023959181404442,TP3960,Hoddern Farm,Pillar,62.0,203.4,south downs
54.4424217509681,-1.01206182153009,TP3964,Hograh Moor,Pillar,370.9,1217.0,north yorks moors
51.211787650201,-3.97783829260687,TP3967,Holdstone Down,Pillar,349.3,1146.1,exmoor
50.8559136656411,-0.123998961800258,TP3970,Hollingbury Castle,Pillar,178.5,585.5,south downs
53.1896041575066,-1.91867929371661,TP3972,Hollinsclough Moor,Pillar,424.2,1391.6,peak district
53.5387468660654,-1.88353584083263,TP3980,Holme Moss,Pillar,581.9,1909.2,peak district
51.0722944219875,-0.96383486148826,TP3985,Holtham,Pillar,220.7,724.1,south downs
54.4611159743317,-1.99449036822628,TP4008,Hoove Faggergill,Pillar,553.5,1816.0,yorkshire dales
55.0419883068026,-2.40714685665784,TP4012,Hopealone,Pillar,316.1,1037.0,northumberland
53.1611777140277,-1.68771986117394,TP4015,Hopping Top,Pillar,271.9,892.0,peak district
54.3347048617449,-0.686640147404149,TP4017,Horcum,Pillar,289.5,949.9,north yorks moors
54.1973871144983,-2.17447213468073,TP4020,Horse Head,Pillar,605.3,1986.0,yorkshire dales
55.3486475010454,-2.40022806954754,TP4064,Hungry Law,Pillar,501.4,1645.0,northumberland
54.0450778150277,-2.26663887415594,TP4069,Hunter Bark,Pillar,315.5,1035.0,yorkshire dales
54.4687656992768,-0.702332738761662,TP4089,Hutton Mulgrave Moor,Pillar,264.0,866.2,north yorks moors
50.8881093673984,-1.7571714963646,TP4094,Ibsley Common,Pillar,76.3,250.3,new forest
54.1661727824542,-2.39789745190327,TP4102,Ingleborough,Pillar,723.6,2374.0,yorkshire dales
51.1742392547123,-3.94743228159785,TP4165,Kentisbury Down,Pillar,338.1,1109.1,exmoor
54.4626592237903,-2.82603198042354,TP4166,Kentmere Pike,Pillar,730.9,2398.0,lake district
54.0904228103435,-2.07527495704944,TP4208,Kilnsey Moor,Pillar,450.5,1478.0,yorkshire dales
53.3803241757188,-1.88264467992115,TP4216,Kinder Low,Pillar,633.0,2076.7,peak district
55.4498071743662,-2.19307060620758,TP4224,Kings Seat,Pillar,531.6,1744.0,northumberland
51.2301774858454,-3.77017853607087,TP4246,Kipscombe Hill,Pillar,342.9,1125.1,exmoor
53.4325834146297,-1.58419931350536,TP4248,Kirk Edge,Pillar,395.8,1298.4,peak district
50.9020361746383,-0.463306311793515,TP4257,Kithurst Hill,Pillar,213.8,701.4,south downs
54.2745664015388,-3.2692061412069,TP4294,Knott Hill,Pillar,281.2,922.7,lake district
54.1126576045844,-2.20602422117143,TP4295,Knowe Fell,Pillar,593.5,1947.0,yorkshire dales
53.3067399722661,-1.95986183061902,TP4314,Ladder Hill,Pillar,405.7,1330.9,peak district
50.9386771575568,-0.928265143247252,TP4319,Ladyholt Park,Pillar,143.7,471.3,south downs
55.4135846453193,-2.30072724585829,TP4326,Lamb Hill,Pillar,511.5,1678.0,northumberland
54.0736913151439,-2.25560520951678,TP4344,Langcliffe,Pillar,440.1,1444.0,yorkshire dales
54.3396052995534,-0.572826010227359,TP4345,Langdale,Pillar,244.7,802.8,north yorks moors
54.0557835841339,-1.93776212068101,TP4347,Langerton Hill,Pillar,278.4,913.4,yorkshire dales
54.4947778487421,-3.40395875513969,TP4359,Lank Rigg,Pillar,541.3,1776.0,lake district
53.3883405773029,-1.96552923484317,TP4361,Lantern Pike,Pillar,359.1,1178.0,peak district
54.341762887426,-0.803584650462056,TP4386,Leaf Howe,Pillar,290.5,953.1,north yorks moors
53.1570379407132,-1.7777924218722,TP4388,Lean Low,Pillar,393.3,1290.2,peak district
50.46360748965,-3.97019037664112,TP4393,Lee Moor,Pillar,492.6,1616.0,dartmoor
55.038320574999,-2.19269585386041,TP4416,Limestone Bank,Pillar,250.6,822.0,northumberland
55.3597277251815,-2.15456947958986,TP4418,Linbrig,Pillar,389.5,1278.0,northumberland
54.645745949744,-3.27285869430785,TP4421,Ling Fell,Pillar,373.7,1226.0,lake district
54.6080163444858,-2.89446330949821,TP4447,Little Mell Fell,Pillar,505.4,1658.0,lake district
54.5554183322974,-2.84134274380566,TP4497,Loadpot Hill,Pillar,671.5,2203.0,lake district
50.9930739613407,-0.669385641394671,TP4512,Lodsworth,Pillar,52.1,170.8,south downs
53.1742175880397,-1.72673261509264,TP4525,Long Rake,Pillar,330.0,1082.7,peak district
55.5648090580481,-2.20023097571982,TP4532,Longknowe Hill,Pillar,346.3,1136.0,northumberland
54.4013470430521,-0.920452295995954,TP4539,Loose Howe,Pillar,432.4,1418.7,north yorks moors
54.4374674734084,-3.00835055871993,TP4549,Loughrigg Fell,Pillar,335.3,1100.0,lake district
54.3807046920788,-0.636362603241966,TP4552,Louven Howe,Pillar,299.3,982.0,north yorks moors
54.223390305421,-2.24944400614864,TP4556,Low Green Field Lings,Pillar,500.8,1643.0,yorkshire dales
51.1236340147491,-3.50123621369759,TP4593,Lype Hill,Pillar,424.2,1391.6,exmoor
53.3492464798515,-1.8096483167728,TP4623,Mam Tor,Pillar,517.3,1697.1,peak district
55.2227904946456,-2.0268826832704,TP4637,Manside Cross,Pillar,325.1,1066.4,northumberland
53.4576712170053,-1.7166649398024,TP4652,Margery,Pillar,546.2,1792.0,peak district
50.8221644158068,-1.65575203654844,TP4667,Markway Hill,Pillar,63.8,209.4,new forest
51.2100893931987,-3.89962183780959,TP4680,Martinhoe Common,Pillar,309.2,1014.6,exmoor
53.0650706969222,-1.89532026369054,TP4682,Martins Low,Pillar,294.6,966.7,peak district
50.6599800250887,-3.84674102579451,TP4766,Meldon Hill,Pillar,390.2,1280.3,dartmoor
54.1353339785151,-2.05778665328686,TP4811,Middlesmoor Pasture,Pillar,433.7,1423.0,yorkshire dales
55.1780412863042,-2.27787774091965,TP4814,Midhopelaw Pike,Pillar,326.1,1070.0,northumberland
53.1627181077209,-1.63507588472696,TP4911,Moor Plantations,Pillar,323.5,1061.4,peak district
54.1360605188809,-2.32775552071026,TP4935,Moughton,Pillar,427.6,1403.0,yorkshire dales
50.8245421668419,-0.075816245889213,TP4950,Mount Pleasant,Pillar,112.1,367.6,south downs
50.8615358643388,-0.22114013168447,TP4952,Mount Zion,Pillar,122.1,400.5,south downs
54.3725922688169,-3.3683503291789,TP4983,Muncaster Fell,Pillar,231.4,759.0,lake district
53.0478549432359,-1.82495412053967,TP4989,Musden Low,Pillar,359.7,1180.1,peak district
50.7716948835784,-1.72972340920632,TP5067,Nea Croft,Pillar,27.5,90.2,new forest
50.9140254455853,-1.53686916094868,TP5080,Netley Marsh,Pillar,39.9,130.8,new forest
54.0932760231886,-1.98034834875992,TP5099,New Pasture Edge,Pillar,395.8,1298.6,yorkshire dales
50.8068554588628,-0.047886228068729,TP5113,Newlands Barn,Pillar,82.7,271.5,south downs
54.0244959387742,-2.21770746863023,TP5121,Newton Moor,Pillar,291.7,956.8,yorkshire dales
54.5171360757363,-0.80150844396901,TP5123,Newton Mulgrave Moor,Pillar,223.9,734.6,north yorks moors
55.5359515754271,-2.14713302592575,TP5124,Newton Tors,Pillar,537.1,1762.0,northumberland
50.5503822898298,-4.00753049780415,TP5159,North Hessary Tor,Pillar,516.9,1695.9,dartmoor
51.0784376903563,-3.74342195822456,TP5166,North Molton Ridge,Pillar,435.1,1427.6,exmoor
54.0038105531631,-1.87225130015497,TP5167,North Nab,Pillar,319.4,1048.0,yorkshire dales
53.1921704226882,-1.67716768228547,TP5191,Noton Barn,Pillar,208.7,684.7,peak district
51.0394998504937,-0.940860652639383,TP5207,Oakshott,Pillar,243.9,800.2,south downs
50.9808751586428,-1.08883641657929,TP5226,Old Winchester Hill,Pillar,197.7,648.6,south downs
53.4692000607186,-1.73478585627357,TP5253,Outer Edge,Pillar,541.6,1777.0,peak district
53.3443652157305,-1.5805814676182,TP5267,Ox Stones,Pillar,419.5,1376.4,peak district
51.0110071286614,-1.30899041058921,TP5302,Park Farm,Pillar,81.0,265.9,south downs
50.8646818321822,-0.582935968453799,TP5304,Park Farm Arundel,Pillar,77.4,254.1,south downs
54.1879085917007,-2.36243110955755,TP5306,Park Fell,Pillar,563.6,1849.0,yorkshire dales
51.0015038862325,-1.02746404143683,TP5309,Park Hill,Pillar,205.5,674.1,south downs
51.1756728637495,-3.86105259386448,TP5315,Parracombe,Pillar,480.1,1575.1,exmoor
53.1749716672286,-1.78311575109231,TP5317,Parsley Hay Farm,Pillar,374.1,1227.3,peak district
54.1145383343771,-2.1263350033976,TP5320,Parsons Pulpit,Pillar,538.3,1766.0,yorkshire dales
51.0538336742395,-0.624755259684414,TP5334,Peacocks Farm,Pillar,64.4,211.4,south downs
54.2762273724256,-1.92344154113345,TP5374,Penhill,Pillar,526.7,1728.0,yorkshire dales
50.4494830230472,-3.97412519396311,TP5384,Penn Beacon,Pillar,427.9,1404.0,dartmoor
54.156004281444,-2.24874728824468,TP5414,Pen-Y-Ghent,Pillar,694.6,2279.0,yorkshire dales
51.1875422261628,-3.50633164387082,TP5424,Perriton Hill,Pillar,296.3,972.1,exmoor
54.4013891632896,-0.811955764909618,TP5440,Pike Hill,Pillar,326.4,1071.0,north yorks moors
54.4974634332165,-3.28112319901918,TP5447,Pillar,Pillar,892.8,2929.0,lake district
54.5443281535417,-2.9203219680623,TP5468,Place Fell,Pillar,657.2,2156.0,lake district
54.2711297741612,-1.02551381119049,TP5481,Pockley,Pillar,155.9,511.4,north yorks moors
50.9546177868601,-1.68915736933542,TP5515,Pound Bottom,Pillar,124.5,408.6,new forest
55.0679011960159,-2.26516577302102,TP5591,Ravensheugh Crags,Pillar,256.0,840.0,northumberland
55.4529698831493,-2.00509505864518,TP5600,Reaveley Hill,Pillar,301.8,990.0,northumberland
54.2893488007969,-0.634573321118202,TP5605,Red Dyke,Pillar,247.8,813.0,north yorks moors
50.8312311666083,0.051515513847711,TP5616,Red Lion Pond,Pillar,164.6,540.1,south downs
54.4706543084395,-2.93272418949054,TP5619,Red Screes,Pillar,776.6,2548.0,lake district
53.1362909031102,-1.88577558341564,TP5641,Revidge,Pillar,400.3,1313.3,peak district
53.071117594253,-1.77598074879597,TP5642,Reynards,Pillar,369.4,1211.8,peak district
54.3016565690167,-0.905527597255765,TP5670,Riccal,Pillar,196.2,643.7,north yorks moors
55.3321481921394,-2.2529790393143,TP5680,Ridlees Cairn,Pillar,412.1,1352.0,northumberland
54.2044986249651,-1.05877152053247,TP5681,Rievaulx Hole,Pillar,142.8,468.5,north yorks moors
50.4831346195473,-4.00957018929698,TP5686,Ringmoor Down,Pillar,350.5,1150.0,dartmoor
50.5664138887896,-3.77118994945114,TP5689,Rippon Tor,Pillar,475.9,1561.4,dartmoor
51.0138946081212,-1.14096308198694,TP5696,Riversdown,Pillar,166.0,544.5,south downs
50.4579002298219,-4.10599593435602,TP5707,Roborough Down,Pillar,198.8,652.3,dartmoor
53.391904515373,-1.60647445015897,TP5712,Rod Moor,Pillar,383.7,1258.9,peak district
51.0279402405197,-0.86380701584832,TP5716,Rogate,Pillar,162.2,532.0,south downs
50.7885089846793,0.080574915990359,TP5729,Rookery Hill,Pillar,50.9,167.1,south downs
54.3076664695076,-1.09740979334517,TP5731,Roppa,Pillar,328.8,1078.8,north yorks moors
54.5054177912316,-1.10731213553665,TP5734,Roseberry Topping,Pillar,320.7,1052.2,north yorks moors
55.0834440407307,-2.44489756639601,TP5749,Round Top,Pillar,324.9,1066.0,northumberland
54.3507353698934,-1.00161499303766,TP5769,Rudland,Pillar,376.1,1233.9,north yorks moors
50.5059823816459,-3.89135485061985,TP5778,Ryders Hill,Pillar,515.7,1692.0,dartmoor
54.0655758127135,-2.20896889751422,TP5783,Rye Loaf,Pillar,546.8,1794.0,yorkshire dales
53.5592930503352,-1.97013168868228,TP5786,Saddleworth,Pillar,454.7,1491.9,peak district
50.9732872033823,-1.03964717450912,TP5793,Salt Hill Resr,Pillar,234.4,769.0,south downs
54.454257244175,-3.21167294136397,TP5828,Sca Fell,Pillar,977.5,3206.9,lake district
54.6660955217956,-3.20860692385508,TP5837,Scarness,Pillar,91.4,299.8,lake district
50.7607894206154,0.116595698889916,TP5860,Seaford Head,Pillar,87.0,285.4,south downs
54.4636752709828,-3.32888277414309,TP5863,Seatallan,Pillar,692.2,2271.0,lake district
54.2840620932648,-3.42029991431252,TP5868,Selker Point,Pillar,16.7,54.8,lake district
55.0245525804113,-2.31404158649466,TP5878,Sewingshields Crags,Pillar,325.5,1068.0,northumberland
53.9934536477089,-2.06329367719294,TP5916,Sharpah,Pillar,357.2,1172.0,yorkshire dales
50.4510005116862,-4.03121184154585,TP5919,Shaugh Moor,Pillar,304.6,999.2,dartmoor
53.1598649797996,-1.83612006355719,TP5925,Sheen Hill,Pillar,380.4,1247.9,peak district
55.4316589820737,-2.09009287817188,TP5945,Shill Moor,Pillar,528.8,1735.0,northumberland
55.3809007588882,-2.20182489218253,TP5946,Shillhope Law,Pillar,501.4,1645.0,northumberland
51.1989772512448,-3.7763821201083,TP5948,Shilstone Hill,Pillar,405.2,1329.5,exmoor
53.260652011869,-2.0095093404369,TP5950,Shining Tor,Pillar,559.3,1834.9,peak district
51.137135055418,-3.8498962120294,TP5964,Shoulsbarrow Common,Pillar,473.7,1554.2,exmoor
53.2232083335751,-2.03673035319249,TP5970,Shutlingsloe,Pillar,506.0,1660.2,peak district
54.3725006336581,-0.721980138216191,TP5982,Simon Howe,Pillar,260.3,854.0,north yorks moors
54.0341977085295,-1.881013628591,TP5983,Simons Seat,Pillar,485.2,1592.0,yorkshire dales
53.297540600091,-1.67830983276308,TP5986,Sir William Hill,Pillar,429.2,1408.2,peak district
54.4890120479613,-0.922574960902928,TP5988,Siss Cross,Pillar,268.2,879.8,north yorks moors
54.6514269249077,-3.14777095427605,TP6001,Skiddaw,Pillar,931.2,3054.9,lake district
54.3083117028291,-1.02775589889143,TP6004,Skiplam,Pillar,296.7,973.4,north yorks moors
54.432092788148,-0.683774081177075,TP6017,Sleights Moor,Pillar,289.4,949.6,north yorks moors
53.1087835614132,-1.66234605550006,TP6024,Slipper Low,Pillar,368.5,1208.8,peak district
54.1057461770333,-2.30358104924019,TP6033,Smearsett Scar,Pillar,363.3,1192.0,yorkshire dales
53.5262994495452,-1.80238528884843,TP6036,Snailsden,Pillar,475.7,1560.7,peak district
53.0696941561879,-1.85528173532537,TP6053,Soles Hill,Pillar,354.9,1164.2,peak district
53.23493287524,-1.80175025765547,TP6060,Sough Top,Pillar,438.6,1439.0,peak district
50.6897233287418,-4.06372222915128,TP6061,Sourton Tors,Pillar,440.4,1444.7,dartmoor
50.8027575334869,0.069314445742182,TP6071,South Heighton,Pillar,74.3,243.7,south downs
53.4993402790656,-1.76586338375544,TP6074,South Nab,Pillar,460.9,1512.1,peak district
54.2120556394502,-3.3437306158175,TP6085,Southfield Bank,Pillar,16.0,52.6,lake district
54.3449452191002,-0.921945995651718,TP6093,Spaunton,Pillar,345.6,1134.0,north yorks moors
53.3195643382271,-2.04648100416989,TP6103,Sponds Hill,Pillar,410.7,1347.4,peak district
50.8643021667839,-0.010372192002902,TP6105,Spring Barn,Pillar,68.9,226.1,south downs
55.0762033424021,-2.48885898791505,TP6109,Spy Rigg,Pillar,313.3,1028.0,northumberland
50.9431213556943,-1.59395538235279,TP6144,Stagbury Hill,Pillar,60.5,198.5,new forest
51.0237358206607,-0.630180273533666,TP6145,Stagpark Farm,Pillar,89.4,293.3,south downs
53.3434598769177,-1.62455374668369,TP6150,Stanage Edge,Pillar,457.5,1501.0,peak district
50.8693807788397,-0.118100266035589,TP6160,Stanmer,Pillar,152.8,501.4,south downs
50.8557329237491,-0.341276866074506,TP6171,Steep Down,Pillar,149.4,490.0,south downs
50.8809092877126,-0.352381051900544,TP6177,Steyning Round Hill,Pillar,189.0,619.9,south downs
54.256290013118,-1.09216150640907,TP6182,Stiltons,Pillar,171.8,563.8,north yorks moors
55.1569310902903,-2.39292205735141,TP6206,Stokoe High Crags,Pillar,230.4,756.0,northumberland
51.0033088362292,-1.65016716048788,TP6228,Strides Row,Pillar,80.7,264.9,new forest
54.315145214513,-0.476252981560479,TP6242,Suffield,Pillar,190.6,625.4,north yorks moors
54.1602750021283,-2.32693624783442,TP6249,Sulber,Pillar,348.7,1144.0,yorkshire dales
50.797247096334,-1.6049678109566,TP6280,Sway,Pillar,58.9,193.1,new forest
50.8717886080898,-0.168829514275388,TP6281,Sweet Hill,Pillar,129.5,424.8,south downs
54.046338664465,-2.03759495065232,TP6283,Swinden,Pillar,291.4,956.0,yorkshire dales
55.2965720771009,-2.07230473468437,TP6349,The Beacon,Pillar,300.8,987.0,northumberland
54.3679147545788,-2.51352711622442,TP6361,The Calf,Pillar,676.7,2220.0,yorkshire dales
50.7929380993648,0.120786326551021,TP6370,The Comp,Pillar,90.5,296.8,south downs
50.8568795710762,-0.077256256527616,TP6376,The Drove,Pillar,126.9,416.4,south downs
53.4010997189688,-1.88568592317525,TP6378,The Edge,Pillar,624.0,2047.2,peak district
54.3446151246744,-2.06898734742669,TP6382,The Fleak,Pillar,551.1,1808.0,yorkshire dales
50.877372177885,-0.643601040488893,TP6383,The Folly,Pillar,112.4,368.9,south downs
53.1721303612003,-1.99985500703491,TP6422,The Roaches,Pillar,505.6,1658.8,peak district
54.064704885484,-2.11504507771906,TP6433,The Weets,Pillar,414.0,1358.2,yorkshire dales
55.3688637310472,-2.3077399892525,TP6441,Thirl Moor,Pillar,557.8,1830.0,northumberland
54.4075464667033,-3.42504293464598,TP6446,Thornbank,Pillar,67.7,221.9,lake district
50.7774010229476,-1.44968802167687,TP6453,Thorns,Pillar,15.6,51.0,new forest
54.0331862659013,-1.9885138036818,TP6463,Thorpe Fell,Pillar,506.3,1661.0,yorkshire dales
50.447509330888,-3.89817754779935,TP6466,Three Barrows,Pillar,461.2,1513.0,dartmoor
50.8570883285427,-0.246969972445347,TP6470,Thunders Barrow,Pillar,121.2,397.5,south downs
54.2257956401739,-1.13004267990904,TP6513,Tom Smiths,Pillar,262.6,861.6,north yorks moors
55.278352468498,-1.99395811247326,TP6547,Tosson Hill,Pillar,442.0,1450.0,northumberland
54.1788329480529,-2.48458308818699,TP6551,Tow Scar,Pillar,383.1,1257.0,yorkshire dales
51.1066294132598,-3.42282021167976,TP6566,Treborough Common,Pillar,411.9,1351.5,exmoor
50.9923070559573,-0.797749505840556,TP6591,Trotton,Pillar,61.8,202.7,south downs
50.8838690810789,-0.258902187645302,TP6595,Truleigh Hill,Pillar,216.1,708.8,south downs
50.8921317054517,-0.7535085434288,TP6596,Trundle Hill,Pillar,206.3,676.9,south downs
51.040783435366,-1.3094463227614,TP6629,Twyford Down,Pillar,96.8,317.4,south downs
54.23185333776,-2.84415038316592,TP6651,Ulpha Fell,Pillar,46.9,153.8,lake district
51.0207226326518,-0.723857983130728,TP6686,Verdley,Pillar,180.1,590.9,south downs
50.8832637930786,-0.871906458728801,TP6702,Walderton Down,Pillar,0.0,0.0,south downs
50.4784474771454,-3.82575766589505,TP6708,Wallaford Down,Pillar,291.5,956.3,dartmoor
53.2624503477158,-1.73384668561072,TP6739,Wardlow,Pillar,370.6,1216.0,peak district
51.0455577963045,-0.964616808588141,TP6748,Warren Corner,Pillar,246.5,808.8,south downs
55.1325337088336,-2.3359843398482,TP6763,Watch Crags,Pillar,291.1,955.0,northumberland
54.4369341887088,-2.11169412478359,TP6768,Water Crag,Pillar,668.1,2192.0,yorkshire dales
51.0682774683952,-0.84148270909085,TP6781,Weavers Down,Pillar,155.4,509.9,south downs
50.8636877386107,-0.528044110263793,TP6797,Wepham,Pillar,1.5,5.1,south downs
53.435920136246,-1.80762104416193,TP6806,West End Moor,Pillar,505.0,1656.8,peak district
50.9627276653618,-0.916049524805057,TP6809,West Harting Down,Pillar,215.9,708.3,south downs
53.5756733005257,-1.88603216694066,TP6819,West Nab,Pillar,500.5,1642.0,peak district
51.0650700379844,-1.06813292194879,TP6822,West Tisted,Pillar,190.5,625.0,south downs
50.968244082334,-1.5960008750912,TP6824,West Wellow,Pillar,45.2,148.2,new forest
50.664401280058,-3.71642058930743,TP6827,Westcott Farm,Pillar,335.9,1101.9,dartmoor
51.1164985616546,-3.81242264110509,TP6837,Western Common,Pillar,493.5,1619.2,exmoor
55.398543504187,-2.09503826995951,TP6851,Wether Cairn,Pillar,563.0,1847.0,northumberland
53.0897837511706,-1.83387751157115,TP6856,Wetton Low,Pillar,322.5,1058.1,peak district
54.4196496185752,-2.04761598231218,TP6859,Whaw Moor,Pillar,583.7,1915.0,yorkshire dales
53.2858769145384,-1.79385001844674,TP6863,Wheston,Pillar,380.9,1249.5,peak district
50.9935859605889,-0.746589329521138,TP6869,Whiphill,Pillar,61.8,202.7,south downs
53.2790222073589,-1.60586169808951,TP6878,White Edge,Pillar,365.1,1197.9,peak district
54.430951180464,-2.73583094375206,TP6893,White Howe,Pillar,530.4,1740.0,lake district
54.3255719041356,-3.29465638270358,TP6915,Whitfell,Pillar,572.1,1877.0,lake district
54.416058396846,-1.20125063019249,TP6927,Whorlton Moor,Pillar,408.1,1338.7,north yorks moors
53.0671506755677,-1.72724594243026,TP6930,Wibben Hill,Pillar,249.7,819.2,peak district
50.7865764885027,0.236015793175123,TP6948,Willingdon Hill,Pillar,201.2,660.1,south downs
50.8097274089042,0.196225626629556,TP6953,Wilmington Hill,Pillar,214.2,702.7,south downs
54.3338284127466,-2.53370952827619,TP6962,Winder Hill,Pillar,473.7,1554.0,yorkshire dales
50.9399893150441,-0.982476572856873,TP6978,Windmill Hill,Pillar,193.3,634.2,south downs
55.4306039178736,-2.23009551811549,TP6988,Windy Gyle,Pillar,620.6,2036.0,northumberland
53.3623840927212,-1.72079803232629,TP6995,Winhill Pike,Pillar,462.7,1518.0,peak district
51.0967482086163,-3.60526337553407,TP6999,Winsford Hill,Pillar,427.5,1402.4,exmoor
55.0019720695732,-2.40466204858952,TP7000,Winshields,Pillar,345.3,1133.0,northumberland
51.1028495919006,-3.68919101434721,TP7010,Withypool Common,Pillar,428.3,1405.1,exmoor
54.2610193471503,-1.79754213669304,TP7012,Witton Fell,Pillar,350.5,1150.0,yorkshire dales
53.121906771625,-1.79666653178997,TP7019,Wolfscote Hill,Pillar,388.1,1273.4,peak district
50.9097304473529,-0.17507920116323,TP7022,Wolstonbury Hill,Pillar,206.7,678.0,south downs
51.0304580465985,-0.763677831501851,TP7061,Woolbeding,Pillar,183.9,603.3,south downs
53.2774631836729,-1.84068023319263,TP7072,Wormhill,Pillar,403.4,1323.3,peak district
50.8855493826971,-1.47588072545739,TP7094,Yards Hill,Pillar,41.6,136.4,new forest
50.6935936900124,-4.01056751286984,TP7101,Yes Tor,Pillar,619.1,2031.0,dartmoor
50.8558738018604,-1.48593077982374,TP7102,Yew Tree Heath,Pillar,29.6,97.1,new forest
54.2254805545409,-2.14095405099594,TP7104,Yockenthwaite Moor,Pillar,643.1,2110.0,yorkshire dales
50.8789865796133,-0.574556134458041,TP7144,Arundel,FBM,0.0,0.0,south downs
54.5064441702298,-0.764322422746819,TP7164,Mickleby,FBM,0.0,0.0,north yorks moors
53.2442119322595,-1.99996010129386,TP7177,Cat and Fiddle,FBM,0.0,0.0,peak district
54.4261529241224,-3.35542937494661,TP7238,Wasdale,FBM,0.0,0.0,lake district
51.0619120858013,-1.28203343393023,TP7251,Winchester (R),FBM,0.0,0.0,south downs
50.4791296799702,-4.09236505758862,TP7256,Yelverton,FBM,0.0,0.0,dartmoor
54.6399317865347,-3.04976830525888,TP7306,Saddleback,Concrete Ring,867.5,2846.0,lake district
54.4823787891085,-2.80718244693785,TP7307,Selside Brow,Concrete Ring,711.1,2333.0,lake district
51.2328299155388,-3.84300381875927,TP7308,Hollerday Hill,Surface Block,243.8,799.9,exmoor
51.1627556061694,-3.58678768021334,TP7321,Dunkery,Pillar,519.9,1705.8,exmoor
53.5005971018058,-1.8804140589304,TP7322,Hey Edge,Pillar,424.0,1391.1,peak district
54.1868294211575,-2.33794928158134,TP7324,Selside,Bolt,0.0,0.0,yorkshire dales
54.4614412474343,-2.73346235588402,TP7367,Great Yarlside,Concrete Ring,589.8,1935.0,lake district
54.4956159371803,-2.7325612335138,TP7368,Seat Robert,Concrete Ring,514.5,1688.0,lake district
54.5653107647439,-2.73405810080038,TP7379,Knipe Moor,Concrete Ring,340.5,1117.0,lake district
54.4354804505441,-2.2003507582458,TP7380,Stonesdale Moor,Concrete Ring,548.9,1801.0,yorkshire dales
53.356143798222,-1.63060236861453,TP7411,Stanedge Pole,Intersected Station,0.0,0.0,peak district
51.0353703008307,-0.722086543242435,TP7421,Zeneca - Verdley House,Pillar,0.0,0.0,south downs
54.5917730774661,-3.24203194808486,TP7422,Grisedale Pike,Surface Block,790.3,2593.0,lake district
54.4340241622219,-2.96671789036936,TP7428,Ambleside,Active station,0.0,0.0,lake district
54.4318190794887,-3.28857016873762,TP7456,Illgill Head,Bolt,603.2,1979.0,lake district
54.5408023280206,-3.2352738802767,TP7457,Robinson,Surface Block,737.3,2419.0,lake district
54.4745915778115,-3.04049814214913,TP7474,The Helm,Bolt,398.1,1306.0,lake district
54.4202301716677,-3.15666558522014,TP7477,Red How,Bolt,739.7,2427.0,lake district
54.5217490139586,-2.9566305950135,TP7478,Bridgend,Bolt,622.4,2042.0,lake district
54.5027883759966,-3.20736396997277,TP7480,Grey Knotts,Bolt,697.4,2288.0,lake district
54.3642842500436,-2.29662149813843,TP7493,Sails,Concrete Ring,666.3,2186.0,yorkshire dales
54.4249732459353,-3.23847626621553,TP7505,Great How,Bolt,521.8,1712.0,lake district
54.3566804646112,-2.36856292654229,TP7506,Swarth Fell Pike,Concrete Ring,649.8,2132.0,yorkshire dales
54.4064271447452,-2.30647734521021,TP7507,High Seat,Concrete Ring,709.3,2327.0,yorkshire dales
54.4009055127837,-3.28225523067057,TP7512,Boot,Bolt,289.9,951.0,lake district
54.250924377746,-2.92972248644699,TP7523,Saskills,Rivet,238.7,783.0,lake district
54.20652730686,-2.92243897300726,TP7527,Hospice of Hampsfell,Bolt,0.0,0.0,lake district
54.5183863322856,-3.08556275149963,TP7573,Bell Crags,Bolt,557.8,1830.0,lake district
54.5121351269462,-2.77704737836269,TP7578,Swindale Common,Bolt,499.3,1638.0,lake district
54.586477258835,-3.10609701187776,TP7616,Causeway Pike,Buried Block,360.6,1183.0,lake district
54.1443753102122,-2.29235196556129,TP7670,St Oswald (BM),Other,0.0,0.0,yorkshire dales
53.296659079683,-1.57722275709426,TP7681,Owler Bar,Rivet,0.0,0.0,peak district
50.4861533114204,-4.0340866370563,TP7725,Sheepstor,Rivet,0.0,0.0,dartmoor
50.9496957898441,-0.52868902235417,TP7775,Hardham,Active station,0.0,0.0,south downs
54.6981245720908,-3.33872444895132,TP7785,Cockermouth,FBM,0.0,0.0,lake district
54.3575342300995,-2.90977006460275,TP7815,Brant Fell,Rivet,190.8,626.0,lake district
54.4293368728096,-2.9353768988727,TP7820,Wansfell Pike,Buried Block,483.7,1587.0,lake district
54.4978323249895,-2.91027480818166,TP7821,Kirkstonefoot,Bolt,618.1,2028.0,lake district
51.0322293544422,-1.21636419148324,TP7873,Lane End Down 2,Berntsen,163.2,535.4,south downs
50.7178456632953,-1.57284300055012,TP7884,Keyhaven,Surface Block,0.0,0.0,new forest
54.4967595534481,-2.99179106710565,TP7900,Fairfield,Surface Block,872.0,2861.0,lake district
54.2758142293298,-2.19536665509455,TP7929,Drumaldrace Cairn,Intersected Station,613.9,2014.0,yorkshire dales
54.3807377763884,-0.637701081550414,TP7930,Louven Howe Aux 1,Pillar,299.3,982.0,north yorks moors
54.3771294692064,-0.68681064828847,TP7931,Louven Howe Aux 2,Pillar,0.0,0.0,north yorks moors
54.0255107524035,-2.01196217050894,TP8027,Cracoe War Memorial,Intersected Station,0.0,0.0,yorkshire dales
54.4950290753339,-3.35517574158639,TP8048,Iron Crag,Bolt,642.2,2107.0,lake district
54.3683746826332,-3.29273955301018,TP8049,Rough Crag,Bolt,319.4,1048.0,lake district
54.5022003620747,-3.14684214539779,TP8050,Bessyboot,Bolt,551.1,1808.0,lake district
54.4017444128932,-3.35601066792069,TP8051,Irton Pike,Bolt,228.6,750.0,lake district
54.4648833141895,-3.27686490087329,TP8052,Yewbarrow,Bolt,628.2,2061.0,lake district
54.4004486276021,-3.09792653599283,TP8054,Wetherlam,Bolt,761.7,2499.0,lake district
54.5591171084141,-3.02052066422388,TP8055,Stybarrow Dod,Bolt,840.6,2758.0,lake district
54.4706078223227,-2.68451229844841,TP8056,Wasdale Crag,Bolt,450.8,1479.0,lake district
54.3473084550343,-3.35567901538885,TP8068,Stainton,Bolt,170.1,558.0,lake district
54.2918407160308,-3.31372478806026,TP8069,Stoneside Hill,Bolt,421.2,1382.0,lake district
54.3089397667996,-3.13542034226306,TP8070,Tarn Riggs,Bolt,205.1,673.0,lake district
54.2687184927122,-3.07574972969418,TP8079,Lowick,Bolt,171.3,562.0,lake district
54.2750075152189,-2.99329091278442,TP8080,Sea View Crag,Bolt,242.3,795.0,lake district
54.3200043131159,-2.84655423109324,TP8081,Redscar,Bolt,186.2,611.0,lake district
54.2758232414242,-2.19535134087135,TP8082,Drumaldrace,Bolt,613.9,2014.0,yorkshire dales
54.3254126445898,-2.18526968294747,TP8083,Shaw,Bolt,534.9,1755.0,yorkshire dales
54.2882473826331,-2.14119939076048,TP8084,Crag,Bolt,490.1,1608.0,yorkshire dales
54.3510751113582,-2.11762997610884,TP8085,Blackstone,Bolt,584.6,1918.0,yorkshire dales
54.3895070563903,-2.04765788373654,TP8086,Brownsey Moor,Bolt,537.4,1763.0,yorkshire dales
54.237542062461,-1.87532158891169,TP8088,Scrafton,Bolt,472.1,1549.0,yorkshire dales
51.2297957301662,-3.81967897450644,TP8211,The Torrs,Bolt,171.8,563.8,exmoor
50.8517404881192,-0.279206940415001,TP8216,Shoreham High Resr,Bolt,104.5,343.0,south downs
50.9139188365157,-0.141854238825718,TP8221,New Road,Surface Block,66.5,218.1,south downs
54.5274657610159,-3.29865861069841,TP8359,Red Pike,Surface Block,755.0,2477.0,lake district
54.5534458091042,-3.18149225646204,TP8360,Maiden Moor,Surface Block,575.5,1888.0,lake district
54.4255290366648,-3.10328284059922,TP8361,Blake Rigg,Surface Block,536.4,1760.0,lake district
54.6010144871927,-2.79411060704578,TP8362,Heughscar Hill,Surface Block,375.2,1231.0,lake district
54.1145293469208,-2.12633497601344,TP8431,Parsons Pulpit,Surface Block,538.3,1766.0,yorkshire dales
53.5425961722218,-1.99235618348722,TP8434,Rye,Surface Block,293.7,963.5,peak district
53.3884754745758,-1.96576969774238,TP8538,Lantern Pike,Surface Block,359.1,1178.0,peak district
51.0686386252247,-0.710223617165037,TP8684,Fernden,Surface Block,207.3,680.1,south downs
50.7752025208144,0.243799542232123,TP8812,The Peak,Surface Block,0.0,0.0,south downs
50.6274433992813,-3.98332461860873,TP8856,Cut Hill Peg,Other,0.0,0.0,dartmoor
55.2294426587956,-2.284760941934,TP8949,Padon Hill Monument,Intersected Station,0.0,0.0,northumberland
54.4829974139871,-1.09080645012301,TP8952,Captain Cooks Monument,Intersected Station,0.0,0.0,north yorks moors
53.5427124719309,-1.98610878388606,TP8955,Dick Hill Monument,Intersected Station,0.0,0.0,peak district
54.3930967227771,-1.84782328825406,TP8956,Huttons Monument,Intersected Station,0.0,0.0,yorkshire dales
50.7615652924305,-1.52999547806095,TP8988,Lymington Monument,Intersected Station,0.0,0.0,new forest
50.984081216989,-0.505747661277506,TP8992,Toat Monument,Intersected Station,0.0,0.0,south downs
50.8841877310568,-0.147003858365566,TP8993,Chattri Monument,Intersected Station,0.0,0.0,south downs
54.3032219693709,-2.19740210138173,TP9035,Hawes Church Tower Pinnacle,Intersected Station,0.0,0.0,yorkshire dales
53.0956519803796,-1.83926084653235,TP9044,Wetton Church Tower Pinnacle,Intersected Station,0.0,0.0,peak district
50.7544985579971,-1.56277065890396,TP9147,Lymington St Marks Church Belfry,Intersected Station,0.0,0.0,new forest
51.0070158279549,-0.939533716358334,TP9289,Petersfield Church Green Dome,Intersected Station,0.0,0.0,south downs
51.0634370057723,-1.28877405611414,TP9406,St Swithins School Cupola,Intersected Station,0.0,0.0,south downs
50.9737185919001,-0.966884176702351,TP9621,Wardown Lookout Tower,Intersected Station,0.0,0.0,south downs
52.7149284689686,1.38739082376293,TP9651,Belaugh Church Tower (St Peters) Centre,Intersected Station,0.0,0.0,the broads
52.6793600889404,1.48372364105482,TP9654,Ranworth Church Tower (St Helens),Bolt,0.0,0.0,the broads
54.5984060561626,-3.13493269056945,TP9734,Keswick Church Spire,Intersected Station,0.0,0.0,lake district
53.087927225513,-1.8740035731514,TP9744,Grindon Church Spire,Intersected Station,0.0,0.0,peak district
53.1063598517733,-1.88816996979298,TP9745,Butterton Church Spire,Intersected Station,0.0,0.0,peak district
53.1759739924007,-1.68448559424715,TP9746,Youlgreave Church Tower Vane,Intersected Station,0.0,0.0,peak district
53.2129566566919,-1.67861381994702,TP9747,Bakewell Church Spire,Intersected Station,0.0,0.0,peak district
53.1951186973909,-1.77497640184052,TP9748,Monyash Church Spire,Intersected Station,0.0,0.0,peak district
50.707968136708,-1.55037242221032,TP9883,Hurst Castle Light-House,Intersected Station,0.0,0.0,new forest
52.4707394746582,1.70894730490202,TP9940,Oulton Broad Church Belfry (St Marks),Intersected Station,0.0,0.0,the broads
53.9679069050168,-1.85066943069123,TP9976,Beamsley Beacon Pole,Intersected Station,393.2,1290.0,yorkshire dales
